Erro doido;;;;;;;;;;;;;;
Fundo 1515454 com diff de ;;;;;;;;;;;;;;
Erro pegar;;;;;;;;;;;;;;
Erro n pegar;;;;;;;;;;;;;;
Erro doido;;;;;;;;;;;;;;
Fundo 1515454 com diff de ;;;;;;;;;;;;;;
Erro pegar;;;;;;;;;;;;;;
Erro n pegar;;;;;;;;;;;;;;
Erro doido;;;;;;;;;;;;;;
Fundo 1515454 com diff de ;;;;;;;;;;;;;;
Erro pegar;;;;;;;;;;;;;;
Erro n pegar;;;;;;;;;;;;;;
Erro doido;;;;;;;;;;;;;;
Fundo 1515454 com diff de ;;;;;;;;;;;;;;
Erro pegar;;;;;;;;;;;;;;
Erro n pegar;;;;;;;;;;;;;;
Erro doido;;;;;;;;;;;;;;
Fundo 1515454 com diff de ;;;;;;;;;;;;;;
Erro pegar;;;;;;;;;;;;;;
Erro n pegar;;;;;;;;;;;;;;
Erro doido;;;;;;;;;;;;;;
Fundo 1515454 com diff de ;;;;;;;;;;;;;;
Erro pegar;;;;;;;;;;;;;;
Erro n pegar;;;;;;;;;;;;;;
Erro doido;;;;;;;;;;;;;;
Fundo 1515454 com diff de ;;;;;;;;;;;;;;
Erro pegar;;;;;;;;;;;;;;
Erro n pegar;;;;;;;;;;;;;;
Erro doido;;;;;;;;;;;;;;
Fundo 1515454 com diff de ;;;;;;;;;;;;;;
Erro pegar;;;;;;;;;;;;;;
Erro n pegar;;;;;;;;;;;;;;
Erro doido;;;;;;;;;;;;;;
Fundo 1515454 com diff de ;;;;;;;;;;;;;;
Erro pegar;;;;;;;;;;;;;;
Erro n pegar;;;;;;;;;;;;;;
Erro doido;;;;;;;;;;;;;;
Fundo 1515454 com diff de ;;;;;;;;;;;;;;
Erro pegar;;;;;;;;;;;;;;
Erro n pegar;;;;;;;;;;;;;;
Erro doido;;;;;;;;;;;;;;
Fundo 1515454 com diff de ;;;;;;;;;;;;;;
Erro pegar;;;;;;;;;;;;;;
Erro n pegar;;;;;;;;;;;;;;
Erro doido;;;;;;;;;;;;;;
Fundo 1515454 com diff de ;;;;;;;;;;;;;;
Erro pegar;;;;;;;;;;;;;;
Erro n pegar;;;;;;;;;;;;;;
Erro doido;;;;;;;;;;;;;;
Fundo 1515454 com diff de ;;;;;;;;;;;;;;
Erro pegar;;;;;;;;;;;;;;
Erro n pegar;;;;;;;;;;;;;;
Erro doido;;;;;;;;;;;;;;
Fundo 1515454 com diff de ;;;;;;;;;;;;;;
Erro pegar;;;;;;;;;;;;;;
Erro n pegar;;;;;;;;;;;;;;
Erro doido;;;;;;;;;;;;;;
Fundo 1515454 com diff de ;;;;;;;;;;;;;;
Erro pegar;;;;;;;;;;;;;;
Erro n pegar;;;;;;;;;;;;;;
Erro doido;;;;;;;;;;;;;;
Fundo 1515454 com diff de ;;;;;;;;;;;;;;
Erro pegar;;;;;;;;;;;;;;
Erro n pegar;;;;;;;;;;;;;;
